"time_utc","market","direction","winner","observed_price","effective_price","result","pnl_per_1_usdc"
"2026-08-04T00:45:00Z","btc-updown-5m-1785804300","UP","UP","0.505000","0.510000","WIN","0.926484"
"2026-08-04T04:45:00Z","btc-updown-5m-1785818700","DOWN","UP","0.495000","0.500000","LOSS","-1.035000"
"2026-08-04T04:55:00Z","btc-updown-5m-1785819300","DOWN","DOWN","0.505000","0.510000","WIN","0.926484"
"2026-08-04T10:25:00Z","btc-updown-5m-1785839100","UP","DOWN","0.505000","0.510000","LOSS","-1.034300"
"2026-08-04T11:50:00Z","btc-updown-5m-1785844200","DOWN","UP","0.495000","0.500000","LOSS","-1.035000"
"2026-08-04T11:55:00Z","btc-updown-5m-1785844500","DOWN","DOWN","0.505000","0.510000","WIN","0.926484"
"2026-08-04T12:00:00Z","btc-updown-5m-1785844800","DOWN","DOWN","0.495000","0.500000","WIN","0.965000"
"2026-08-04T12:45:00Z","btc-updown-5m-1785847500","DOWN","DOWN","0.515000","0.520000","WIN","0.889477"
"2026-08-04T14:50:00Z","btc-updown-5m-1785855000","DOWN","UP","0.505000","0.510000","LOSS","-1.034300"
"2026-08-04T18:25:00Z","btc-updown-5m-1785867900","DOWN","DOWN","0.505000","0.510000","WIN","0.926484"
"2026-08-05T00:55:00Z","btc-updown-5m-1785891300","UP","UP","0.505000","0.510000","WIN","0.926484"
"2026-08-05T01:00:00Z","btc-updown-5m-1785891600","UP","DOWN","0.505000","0.510000","LOSS","-1.034300"
"2026-08-05T12:30:00Z","btc-updown-5m-1785933000","DOWN","DOWN","0.505000","0.510000","WIN","0.926484"
"2026-08-05T13:40:00Z","btc-updown-5m-1785937200","UP","DOWN","0.505000","0.510000","LOSS","-1.034300"
"2026-08-05T15:15:00Z","btc-updown-5m-1785942900","DOWN","DOWN","0.505000","0.510000","WIN","0.926484"
"2026-08-05T18:00:00Z","btc-updown-5m-1785952800","DOWN","UP","0.495000","0.500000","LOSS","-1.035000"
"2026-08-05T19:10:00Z","btc-updown-5m-1785957000","DOWN","DOWN","0.495000","0.500000","WIN","0.965000"
"2026-08-05T20:00:00Z","btc-updown-5m-1785960000","DOWN","UP","0.495000","0.500000","LOSS","-1.035000"
"2026-08-05T20:30:00Z","btc-updown-5m-1785961800","DOWN","DOWN","0.515000","0.520000","WIN","0.889477"
"2026-08-06T01:30:00Z","btc-updown-5m-1785979800","UP","UP","0.505000","0.510000","WIN","0.926484"
"2026-08-06T01:35:00Z","btc-updown-5m-1785980100","UP","UP","0.505000","0.510000","WIN","0.926484"
"2026-08-06T05:15:00Z","btc-updown-5m-1785993300","DOWN","UP","0.515000","0.520000","LOSS","-1.033600"
"2026-08-06T11:10:00Z","btc-updown-5m-1786014600","UP","UP","0.495000","0.500000","WIN","0.965000"
"2026-08-06T11:15:00Z","btc-updown-5m-1786014900","UP","UP","0.505000","0.510000","WIN","0.926484"
"2026-08-06T12:15:00Z","btc-updown-5m-1786018500","UP","DOWN","0.495000","0.500000","LOSS","-1.035000"
"2026-08-06T12:25:00Z","btc-updown-5m-1786019100","UP","UP","0.505000","0.510000","WIN","0.926484"
"2026-08-06T13:10:00Z","btc-updown-5m-1786021800","UP","UP","0.515000","0.520000","WIN","0.889477"
"2026-08-06T13:15:00Z","btc-updown-5m-1786022100","UP","DOWN","0.515000","0.520000","LOSS","-1.033600"
"2026-08-06T22:30:00Z","btc-updown-5m-1786055400","UP","UP","0.505000","0.510000","WIN","0.926484"
"2026-08-06T23:25:00Z","btc-updown-5m-1786058700","UP","DOWN","0.505000","0.510000","LOSS","-1.034300"
"2026-08-06T23:30:00Z","btc-updown-5m-1786059000","UP","UP","0.505000","0.510000","WIN","0.926484"
"2026-08-06T23:45:00Z","btc-updown-5m-1786059900","UP","UP","0.505000","0.510000","WIN","0.926484"
"2026-08-07T08:40:00Z","btc-updown-5m-1786092000","DOWN","UP","0.505000","0.510000","LOSS","-1.034300"
"2026-08-07T08:50:00Z","btc-updown-5m-1786092600","DOWN","DOWN","0.505000","0.510000","WIN","0.926484"
"2026-08-07T09:10:00Z","btc-updown-5m-1786093800","DOWN","UP","0.515000","0.520000","LOSS","-1.033600"
"2026-08-07T09:15:00Z","btc-updown-5m-1786094100","DOWN","UP","0.515000","0.520000","LOSS","-1.033600"
"2026-08-07T09:20:00Z","btc-updown-5m-1786094400","DOWN","UP","0.515000","0.520000","LOSS","-1.033600"
"2026-08-07T09:25:00Z","btc-updown-5m-1786094700","DOWN","UP","0.515000","0.520000","LOSS","-1.033600"
"2026-08-07T11:15:00Z","btc-updown-5m-1786101300","DOWN","DOWN","0.515000","0.520000","WIN","0.889477"
"2026-08-07T11:30:00Z","btc-updown-5m-1786102200","DOWN","DOWN","0.515000","0.520000","WIN","0.889477"
"2026-08-07T12:20:00Z","btc-updown-5m-1786105200","DOWN","DOWN","0.495000","0.500000","WIN","0.965000"
"2026-08-07T17:10:00Z","btc-updown-5m-1786122600","UP","DOWN","0.515000","0.520000","LOSS","-1.033600"
"2026-08-07T17:30:00Z","btc-updown-5m-1786123800","UP","DOWN","0.505000","0.510000","LOSS","-1.034300"
"2026-08-07T17:35:00Z","btc-updown-5m-1786124100","UP","UP","0.515000","0.520000","WIN","0.889477"
"2026-08-08T12:15:00Z","btc-updown-5m-1786191300","UP","UP","0.505000","0.510000","WIN","0.926484"
"2026-08-08T14:20:00Z","btc-updown-5m-1786198800","DOWN","UP","0.505000","0.510000","LOSS","-1.034300"
"2026-08-08T14:35:00Z","btc-updown-5m-1786199700","DOWN","DOWN","0.325000","0.330000","WIN","1.983403"
"2026-08-08T22:25:00Z","btc-updown-5m-1786227900","UP","DOWN","0.485000","0.490000","LOSS","-1.035700"
"2026-08-08T22:40:00Z","btc-updown-5m-1786228800","UP","DOWN","0.515000","0.520000","LOSS","-1.033600"
"2026-08-08T23:05:00Z","btc-updown-5m-1786230300","UP","DOWN","0.435000","0.440000","LOSS","-1.039200"
